id,label
u885643207283023874,bot
u1413905283210878984,bot
u354054092,bot
u1460650796245463040,bot
u397619500,bot
u2313325687,bot
u1499936989,bot
u153462184,bot
u603554307,bot
u1157060003649376256,bot
u1235272629826682880,bot
u1172897532231462913,bot
u1227147764,bot
u1483720488010776579,bot
u123631275,bot
u820720451890642944,bot
u1280916490380812288,bot
u833802223117271040,bot
u633962661,bot
u817901661192671232,bot
u1294049554216755201,bot
u774816990347354112,bot
u829055807643906049,bot
u1098483569859743744,bot
u1452355821065625603,bot
u1463475058806968320,bot
u773578611416764416,bot
u1401509636331737090,bot
u1066855772741488640,bot
u189249084,bot
u3715501394,bot
u116070070,bot
u562642473,bot
u1393100011479523330,bot
u2784336455,bot
u907694455913897991,bot
u1319300255901417472,bot
u1178740874068537344,bot
u1101287410741268480,bot
u1298119287178055681,bot
u270405562,bot
u18909155,bot
u1311846239928016896,bot
u1350121495092101122,bot
u732888188088397824,bot
u3385726509,bot
u1215943248314802176,bot
u1432546001886359565,bot
u1420789457305939974,bot
u4443992007,bot
u39949694,bot
u1026124369326690304,bot
u928647393939263488,bot
u1188191849997127680,bot
u72227134,bot
u907327016336273409,bot
u1485247676597813248,bot
u1354455872613855232,bot
u2418491443,bot
u160722624,bot
u926718252927143937,bot
u1423534410209447936,bot
u2886531131,bot
u1479508038239326216,bot
u1543994892,bot
u1304221784582115334,bot
u1333782624523829265,bot
u1072735878282280960,bot
u14553715,bot
u1267880843516633088,bot
u301485416,bot
u730408720056893440,bot
u1903139586,bot
u3025719637,bot
u219127536,bot
u1312214283481223169,bot
u1478543639315898370,bot
u2987824674,bot
u1359673077769011200,bot
u4580617828,bot
u1127312545243717632,bot
u15074223,bot
u1309171004414005248,bot
u1127867032597356544,bot
u1479035444029530118,bot
u3452096893,bot
u951984491203055616,bot
u1255408952562589699,bot
u1439178834151043076,bot
u4151979620,bot
u3343061,bot
u719168020,bot
u3303695877,bot
u1396316109582872576,bot
u1275698814217830402,bot
u1413481646175653892,bot
u543477860,bot
u1106252206112735232,bot
u1213568062529536000,bot
u959478967861424133,bot
u1478100370756980736,bot
u1371537949037363201,bot
u1338132013090484224,bot
u220710590,bot
u809471061947334657,bot
u1044045837192634369,bot
u1251155277040111616,bot
u1281436389574410241,bot
u442940529,bot
u238975927,bot
u2292990830,bot
u229045076,bot
u856824787,bot
u1428359328994500617,bot
u254645017,bot
u3168263076,bot
u2553499747,bot
u1150699489939865600,bot
u492077102,bot
u1370102194364690442,bot
u1655173826,bot
u1174012462263394304,bot
u1387822222551703553,bot
u790029043,bot
u965349922508767233,bot
u473399431,bot
u1119269335233466369,bot
u1264972964493094912,bot
u578998610,bot
u1228920750452756480,bot
u1472966347479044108,bot
u2729142601,bot
u16634904,bot
u1199739033951318016,bot
u236755662,bot
u9015512,bot
u3160933567,bot
u17668984,bot
u1293528122827010048,bot
u716777274,bot
u18169311,bot
u346132548,bot
u1125763633756221440,bot
u3356441181,bot
u1310295811847315458,bot
u1430025098455519234,bot
u210457478,bot
u816336945110511617,bot
u1083886278641401857,bot
u2154013710,bot
u733491499984248832,bot
u443503310,bot
u15436633,bot
u944989987329773568,bot
u3309054455,bot
u196035613,bot
u96637927,bot
u1450805354749730817,bot
u90427204,bot
u2377234687,bot
u1413511685583917056,bot
u740005878,bot
u1075043474750214150,bot
u1021054215526014976,bot
u1358153910989553667,bot
u735141088047042560,bot
u1324669854289338369,bot
u135996521,bot
u1179230394375233536,bot
u731783723796992000,bot
u1081611341494927361,bot
u418939830,bot
u1433613060686565377,bot
u21891792,bot
u2983642501,bot
u1381219196701339648,bot
u838492066070081539,bot
u1189528545770405890,bot
u413326039,bot
u1370592558204739592,bot
u1176679753,bot
u1484556744315801600,bot
u839779832238129152,bot
u853087667214352384,bot
u22997217,bot
u751776051987148800,bot
u1448954509263310848,bot
u872038955352510464,bot
u4297118415,bot
u1252956801223491584,bot
u17519054,bot
u1426226998850985989,bot
u2544267781,bot
u1246309685722054656,bot
u1162211777557356545,bot
u1300622524393435136,bot
u1108666466511917056,bot
u1316289306873470976,bot
u1441781750158397444,bot
u874711855763267584,bot
u737126388403048448,bot
u2910544322,bot
u1295521539706613760,bot
u925597165304520704,bot
u1103581043330818048,bot
u3002226652,bot
u345486111,bot
u1245327782168715269,bot
u124346356,bot
u1427912649174568960,bot
u1287513081413681152,bot
u2496818223,bot
u281851707,bot
u16361368,bot
u893052263077466112,bot
u1474869984979521538,bot
u183598207,bot
u1316772470762942466,bot
u35001456,bot
u755815665118932998,bot
u328198069,bot
u1325188919961464832,bot
u149975431,bot
u2741862091,bot
u1454208101838569473,bot
u770007733,bot
u896217906656165888,bot
u877228722927136768,bot
u3261072266,bot
u1204893355219533825,bot
u18342558,bot
u4417467569,bot
u843992461601050624,bot
u1368886661510176769,bot
u1482262234705567744,bot
u872833507042754560,bot
u3096816535,bot
u1426555985749975049,bot
u1278937550615244800,bot
u821573893,bot
u1239678957592752131,bot
u4210880775,bot
u1272076056032423936,bot
u1327738096977317892,bot
u1199039332926902272,bot
u1077842087775657984,bot
u740669128193638400,bot
u330144182,bot
u778275602650558464,bot
u622974542,bot
u18867631,bot
u1445810605345095681,bot
u1353351707015733248,bot
u1440770992784117761,bot
u1479352218776076288,bot
u1052862016509988864,bot
u1423570840604471305,bot
u709747443819098112,bot
u4897392827,bot
u1684221468,bot
u1050709468214951937,bot
u1447374049416343553,bot
u2238909606,bot
u899565787182239744,bot
u2486619919,bot
u309277395,bot
u236059608,bot
u1131408521294209025,bot
u47078284,bot
u839341784798912513,bot
u1420101489780006914,bot
u775449081682493445,bot
u1141600270587219968,bot
u724626500121706497,bot
u191573340,bot
u1414885285654147072,bot
u1081697510,bot
u36459955,bot
u1328886572469678080,bot
u1243558764298620928,bot
u17140361,human
u1165940942106312704,human
u133482732,human
u284933167,human
u757907959989080064,human
u41555830,human
u6382502,human
u1437714819189182468,human
u943389062,human
u705785298094047232,human
u1419696140413554688,human
u1040081969047060480,human
u91127416,human
u1441295237788278787,human
u1485253775392710664,human
u2233223270,human
u2981885181,human
u764449471,human
u3424712931,human
u27278391,human
u2417644800,human
u735452587344941057,human
u1216014084249915394,human
u114589544,human
u2557168890,human
u2151420548,human
u505086443,human
u1322156830005600262,human
u853065656,human
u1924254288,human
u2538589270,human
u413871739,human
u51837775,human
u3345331319,human
u2730681447,human
u1032309123025719297,human
u1301434783109730304,human
u1324996468445507584,human
u863361309764616193,human
u1251485283532578816,human
u258044782,human
u1486987812159340548,human
u2401848600,human
u974337539904438273,human
u1021459569283870720,human
u558942124,human
u387663362,human
u2648975785,human
u3927813375,human
u1445611508017160193,human
u771721473501388800,human
u345343418,human
u4188045073,human
u1438987304387874817,human
u39780359,human
u1284561718149087233,human
u15496696,human
u106825108,human
u360150949,human
u898831106,human
u1450095071509061633,human
u100024370,human
u32345378,human
u2220095778,human
u83382751,human
u1295397293340991494,human
u402785075,human
u152639867,human
u2946792636,human
u68935215,human
u4388537177,human
u1197340644475392004,human
u866908784978911233,human
u434175624,human
u1349397113042452481,human
u853711446,human
u1132992262114283521,human
u822816634180108288,human
u58780949,human
u14053355,human
u2711949744,human
u172867574,human
u310187104,human
u234444877,human
u83887416,human
u72442369,human
u43098794,human
u384480369,human
u408001466,human
u416962434,human
u15998739,human
u1090183475792093185,human
u309176275,human
u2336688166,human
u1215682346751578112,human
u3722629877,human
u1480476515267530754,human
u4250192735,human
u723098881,human
u49229910,human
u588134671,human
u52411139,human
u1379826599550390280,human
u1214263826029273089,human
u130034862,human
u1151224336491175938,human
u111037335,human
u473324750,human
u1722090349,human
u249396325,human
u1233166375855755264,human
u2167943951,human
u268405126,human
u15757578,human
u16426657,human
u1493079725010563074,human
u1479870643730583560,human
u1354879503726768129,human
u1248146805440667649,human
u30261062,human
u28581798,human
u757420206,human
u1195425177728946176,human
u20351606,human
u36043446,human
u1358069584629276674,human
u1457092760104804356,human
u3340871559,human
u750687780603174912,human
u2244294378,human
u341073287,human
u23251100,human
u756569195907784704,human
u36380531,human
u388951125,human
u185273712,human
u305742739,human
u1359854645720608770,human
u3097437807,human
u410453267,human
u113199229,human
u14910233,human
u35298060,human
u838521186837389312,human
u1179584085188055040,human
u1544328109,human
u4206443472,human
u24542300,human
u21405867,human
u232110432,human
u18039684,human
u298004351,human
u442666029,human
u977584704500224001,human
u275732175,human
u1146693792830873601,human
u1246384583496601600,human
u1017159452401782784,human
u961643895674327040,human
u36710665,human
u1379421667420688387,human
u2487971330,human
u27359224,human
u1516836204,human
u1269364784417439744,human
u3090286627,human
u24907798,human
u185420880,human
u719269823151271936,human
u37419851,human
u1138559556,human
u18098078,human
u824667776233119745,human
u1314704599786442753,human
u52513860,human
u495006634,human
u281593311,human
u1858676030,human
u143019891,human
u979707049562066945,human
u17454091,human
u1117157663941505025,human
u175182798,human
u1022973996,human
u2484021120,human
u1276185658877509633,human
u3037942667,human
u434630818,human
u1440868053005127682,human
u2301915745,human
u1297450233660452865,human
u2149701565,human
u1342711980,human
u730817319639912448,human
u245353843,human
u959164093,human
u1354046967773589505,human
u22933669,human
u1349147296965996546,human
u2665408231,human
u288262219,human
u76901771,human
u82309685,human
u710193560839180289,human
u487951439,human
u3412906941,human
u1382399138722156549,human
u106542971,human
u20614044,human
u172459005,human
u97766404,human
u2661736094,human
u61325495,human
u211847161,human
u1171864403689517062,human
u1123639140,human
u463250904,human
u1131069979888037888,human
u123154174,human
u1216714464986202112,human
u20402762,human
u555923186,human
u419906026,human
u3256405310,human
u44583279,human
u1163373895,human
u1248561778419740673,human
u3331599117,human
u1484466742868865027,human
u196518874,human
u1011205886,human
u295674527,human
u591166408,human
u45160512,human
u59145948,human
u1297902157966872582,human
u168644892,human
u3369829978,human
u715449061009129472,human
u346917183,human
u442089894,human
u2966777872,human
u30385779,human
u564339930,human
u1181899161375035393,human
u4785050010,human
u1057016593853509633,human
u1978295179,human
u2272154466,human
u168732530,human
u745384588088737793,human
u3421756203,human
u989397792450850816,human
u19188318,human
u17719694,human
u2400479329,human
u2364634674,human
u17807719,human
u12698412,human
u1482502026315673605,human
u1476794039005769729,human
u35639763,human
u702016360423948288,human
u20526449,human
u246248212,human
u1297359841216925697,human
u922454681426841600,human
u142596007,human
u1201381414354194432,human
u618389593,human
u860543382535323648,human
u24436557,human
u864560136974737408,human
u187516575,human
u1174410850125385728,human
u1068402416658391041,human
u212275539,human
u354650675,human
u1121861214806708224,human
u1512202530,human
u1437008801085878276,human
u63082578,human
u1017405080407068672,human
u948198303782465538,human
u148502103,human
u555976961,human
u148375390,human
u94695647,human
u992347939350745089,human
u1177595628110696451,human
u833691553,human
u177898474,human
u973786848387530755,human
u118596105,human
u1235805472520691713,human
u1303326947074768896,human
u1215480294788100096,human
u2522443332,human
u1458729395175235586,human
u1445699740478283777,human
u131428902,human
u1163069818012090371,human
u363584334,human
u218666318,human
u109149233,human
u1416244944939851778,human
u1130145536,human
u14289197,human
u1418043870139412485,human
u1217597352032325632,human
u1160598210,human
u2168505228,human
u243966048,human
u915966698406236161,human
u342743938,human
u83298602,human
u1451887664,human
u4852725976,human
u774880400237813761,human
u15009707,human
u14051133,human
u29241549,human
u3572108296,human
u231883139,human
u1167349328660353026,human
u1367467821517713413,human
u1134645427,human
u195036846,human
u36028993,human
u3282553147,human
u24275919,human
u253031005,human
u20750611,human
u903684156189749248,human
u25873465,human
u51397875,human
u1071445437578539008,human
u74826554,human
u18161336,human
u1100080331154059265,human
u1319297349978451968,human
u1246785911636905984,human
u609356076,human
u16180356,human
u92367412,human
u3131358532,human
u868059306201153536,human
u430530678,human
u466874591,human
u947982454081671169,human
u8262002,human
u1149604444331319302,human
u1321551679012167681,human
u189078054,human
u319005485,human
u337741890,human
u259927563,human
u123557066,human
u20281013,human
u2492886715,human
u1581511,human
u1427314991699566594,human
u1415244228783861760,human
u1254575549466333185,human
u1239663262607847425,human
u1457232577,human
u823057,human
u1378914275041943552,human
u442667217,human
u793190054,human
u3664720289,human
u2566717626,human
u2377414465,human
u1701525498,human
u205397578,human
u1458067635350999041,human
u1193853762248593408,human
u219821581,human
u514033223,human
u1018897773515722752,human
u50706303,human
u18387692,human
u1365522607185956870,human
u1164596742345633793,human
u1351974285028409344,human
u861126958717038597,human
u3425928771,human
u17770157,human
u913101446731636736,human
u15535745,human
u1349511548,human
u1922771630,human
u1294000881289932800,human
u746308502608445440,human
u2857634554,human
u1328202180,human
u72354063,human
u1488505389528371202,human
u261361754,human
u994734272,human
u1257262753384927236,human
u19399396,human
u276035108,human
u86864211,human
u30800850,human
u817001717728419841,human
u1471108389421957120,human
u788816696333205504,human
u2826179933,human
u306304865,human
u1458922519931469842,human
u989509247489757184,human
u1262508422689435651,human
u417087332,human
u2722103138,human
u1219215573864910848,human
u827187278619537408,human
u44176739,human
u44215303,human
u23663768,human
u1306056392319533056,human
u20475601,human
u25136114,human
u1065090128,human
u3266438012,human
u626113855,human
u2399545053,human
u1047103617474408452,human
u3128916135,human
u3940004773,human
u619088725,human
u47823229,human
u11780982,human
u365578598,human
u1331227625457594379,human
u946706065588092928,human
u4874624488,human
u16058179,human
u1179657769789448192,human
u224739714,human
u2477674200,human
u844225645,human
u454870789,human
u950204844882710529,human
u2350255014,human
u240638492,human
u221990732,human
u1482959529415528455,human
u2423646402,human
u135758100,human
u17945294,human
u1484061703050792962,human
u1343881906295857157,human
u1189929383315804160,human
u244584232,human
u102408001,human
u1545313657,human
u29955899,human
u38209864,human
u333498071,human
u972180397873385472,human
u3347381537,human
u1487442469532884995,human
u72301696,human
u1279096202743537665,human
u19046111,human
u100246862,human
u29452677,human
u89403090,human
u2660140039,human
u271688756,human
u97062761,human
u1254506935455449091,human
u124864615,human
u369109851,human
u2201346120,human
u140385288,human
u86117760,human
u6222842,human
u1165024871627350016,human
u1458759068235886592,human
u2313618144,human
u1209183944807272448,human
u4656996201,human
u2889352781,human
u88741116,human
u4130684412,human
u1481080181074894851,human
u1044469821188976641,human
u1477874523613515778,human
u2845888230,human
u31659913,human
u186085553,human
u1081172278459666433,human
u7818362,human
u1194662570218659846,human
u1313669185881415680,human
u512504509,human
u952083097037737984,human
u1161698032959860736,human
u1490716910450839552,human
u1157898278496657408,human
u1360590350449016837,human
u17204571,human
u128232442,human
u16404379,human
u941764812559847424,human
u775474,human
u3066351901,human
u623985097,human
u91787882,human
u4918560165,human
u1421015878783488005,human
u3180725985,human
u575954382,human
u1390589860906405888,human
u2410771032,human
u57861715,human
u250373836,human
u1645865881,human
u2345408545,human
u2904593223,human
u34238409,human
u1066028176097402880,human
u73536162,human
u1356727729056583687,human
u1476684531436560386,human
u11486902,human
u1448507499301294081,human
u272059169,human
u1379615661379350530,human
u801006783737303040,human
u21454040,human
u16777543,human
u716951557,human
u1422640532501581824,human
u995036456707084289,human
u3054871831,human
u832889913687289856,human
u132091908,human
u130785714,human
u1381843922679296002,human
u35715488,human
u370999206,human
u386225724,human
u4110516190,human
u260856792,human
u53722101,human
u2270780718,human
u212698430,human
u16997146,human
u562268485,human
u1391752983877013513,human
u465684085,human
u15169089,human
u42697901,human
u280008293,human
u725697248,human
u236117991,human
u19916152,human
u804822607,human
u366662991,human
u1361360732139507715,human
u892561783889825792,human
u183160736,human
u1086304000008437761,human
u192164980,human
u351591261,human
u31624328,human
u2841796197,human
u1119079929898053632,human
u165351587,human
u14083815,human
u183598693,human
u1485317416045641728,human
u22054767,human
u36022608,human
u41827932,human
u1451834242330087427,human
u56014775,human
u2580703056,human
u56437698,human
u27862477,human
u364708934,human
u570041419,human
u274572709,human
u634898677,human
u332524044,human
u15463610,human
u1128131036762845189,human
u826486953910616067,human
u901603386,human
u357786278,human
u364756327,human
u9166602,human
u175298380,human
u1897239480,human
u137672450,human
u1417102494333915140,human
u23484664,human
u813514861355401217,human
u263391294,human
u1142512212,human
u2499503737,human
u150781169,human
u965871709,human
u303326505,human
u1245993454993317889,human
u17897532,human
u2911245226,human
u48847011,human
u2747494672,human
u2473666566,human
u719234230954418177,human
u16055704,human
u1189754414392692737,human
u1477656776644259842,human
u704580540863782912,human
u975315177859092480,human
u391320667,human
u104148730,human
u5082531,human
u399900593,human
u1584744955,human
u2890650438,human
u23065519,human
u15860240,human
u2674065486,human
u546154266,human
u2794365146,human
u1472250351915048968,human
u279017026,human
u61745103,human
u2543109397,human
u71085361,human
u1067925193249759233,human
u1107985145326436352,human
u745523953,human
u56725223,human
u995984307436118017,human
u119084814,human
u1241764983072940032,human
u1492790548045910016,human
u1485206114073464832,human
u45413261,human
u1304222703801360386,human
u887151441386844160,human
u791155667625205760,human
u2318324798,human
u44024932,human
u369562996,human
u939120372028465154,human
u3359069925,human
u244129377,human
u2803096103,human
u85708444,human
u1480407519264911362,human
u1464650063297359887,human
u1259698710,human
u48810736,human
u1306605543566577664,human
u375583695,human
u925448127175258112,human
u458727413,human
u2375590921,human
u1711861224,human
u1204853272583892992,human
u1383476748,human
u283888239,human
u2517027558,human
u1256037270,human
u1479321892414795782,human
u852830628,human
u1490092274872639488,human
u775479737984712709,human
u296612629,human
u63827798,human
u1022011349734445056,human
u1008339126,human
u89980241,human
u2724926899,human
u1340666843921608705,human
u1292613191093149703,human
u498980008,human
u129603489,human
u4669068553,human
u1458588839652507653,human
u571413215,human
u782445349789175808,human
u12161622,human
u422630749,human
u1328268398367830016,human
u111345659,human
u1194607877962522626,human
u1106861478542565377,human
u4350090382,human
u803778122277617664,human
u329686497,human
u1250530052082667520,human
u1273114733898600454,human
u786402868899160064,human
u1484489118151495682,human
u337893061,human
u325203540,human
u38329258,human
u56438995,human
u1127248134558572544,human
u549338617,human
u202064720,human
u2387127968,human
u2648790496,human
u1171543793884991488,human
u122351683,human
u1185671885834600450,human
u838085904220717056,human
u1378249633290461185,human
u52948105,human
u1034855979224100864,human
u4920383332,human
u91623390,human
u190593037,human
u20240912,human
u271491206,human
u877725871876001793,human
u920730740,human
u845281073877700613,human
u1078529929871020032,human
u250459741,human
u1421892517239402505,human
u2398308211,human
u18803650,human
u329874051,human
u78003825,human
u282522910,human
u328221416,human
u1194190452834082818,human
u1012022814038282240,human
u701133800718204928,human
u1404157436148158465,human
u24386180,human
u29253767,human
u1443596152486588422,human
u2274729847,human
u3675848422,human
u3085515429,human
u1319080435121610756,human
u415398148,human
u224230937,human
u2641902641,human
u1338509761889906690,human
u116704094,human
u2247191132,human
u1349028124772732928,human
u177632348,human
u383147341,human
u1453797714710368256,human
u1386225431758602247,human
u198020721,human
u14071810,human
u207571602,human
u8236062,human
u804599232,human
u102663017,human
u282564777,human
u169346337,human
u184563620,human
u60092757,human
u14983792,human
u2978910994,human
u1177660086933700608,human
u157691260,human
u1251413741499006976,human
u507511173,human
u805715305599115264,human
u1408678187140218882,human
u1021665025537306624,human
u777062970,human
u255312054,human
u18120539,human
u1466066039389794311,human
u2451840349,human
u2802151789,human
u1180375567398526976,human
u1385668375364395014,human
u1458832958,human
u968649696037158912,human
u294280863,human
u2724941707,human
u845641531126108162,human
u30690661,human
u12819682,human
u123327541,human
u10045512,human
u1218312725350244357,human
u1580395914,human
u1458983615719620608,human
u399747273,human
u1379165509,human
u82431658,human
u1459131847334580229,human
u1302669533828853768,human
u984340225,human
u4635824299,human
u1407356135401734146,human
u48424266,human
u278298271,human
u211588974,human
u25217100,human
u1379856381746933760,human
u952713241410535426,human
u38817333,human
u1352761563619483649,human
u15991894,human
u330368735,human
u1431149893683343363,human
u819921409593970688,human
u888669438844776448,human
u461512794,human
u73091770,human
u1475345303305920513,human
u3100596960,human
u57563271,human
u22449855,human
u1299564879708217344,human
u189846779,human
u1435563406585704454,human
u1050950125449871360,human
u265758015,human
u99734015,human
u1337301306,human
u1255098976057131008,human
u1269090235364843520,human
u783690882516156416,human
u3130977989,human
u1285203517003554822,human
u433163179,human
u125431781,human
u78176108,human
u1068543494120194049,human
u36933835,human
u1349458562,human
u1454009973059596288,human
u1164441929679065088,human
u12402812,human
u1126308779610578947,human
u41152441,human
u8861752,human
u4845908974,human
u365413008,human
u1416200185,human
u18362476,human
u1374808659306414084,human
u2202063133,human
u353011551,human
u847699684768399361,human
u391616471,human
u632062492,human
u53313455,human
u14060530,human
u191489202,human
u214766037,human
u18146523,human
u1290659739324604416,human
u494149394,human
u2915650920,human
u716625366610259968,human
u3294512643,human
u126937523,human
u1298207079144988672,human
u1089207790550372357,human
u707915094,human
u1482866469738274829,human
u257593,human
u1416003398332207106,human
u1434791132706316290,human
u1474934207931629574,human
u780573464776151040,human
u179700995,human
u1005604472947724288,human
u227299103,human
u375482378,human
u735460072197922817,human
u1161834389170479104,human
u204839203,human
u1203277962491187202,human
u38976040,human
u125661853,human
u294239049,human
u1156324289349672960,human
u4148237237,human
u931437756198408192,human
u15359812,human
u1471049500844527621,human
u418093749,human
u1026787501782970369,human
u56812711,human
u1399879711,human
u1412571483147210753,human
u1355525185609158656,human
u214508615,human
u1460871692688011265,human
u1240370638734471168,human
u131928778,human
u17790429,human
u836053079870984192,human
u1125214596,human
u1483883076652613632,human
u1380300366,human
u618657428,human
u1410153011154931714,human
u912316475263913984,human
u490570540,human
u1084659996,human
u1311898898,human
u738026996396138496,human
u342293297,human
u1394632910532014082,human
u83926380,human
u3237349758,human
u1231616047943503872,human
u1439859664368373763,human
u804200504,human
u196256047,human
u983613907,human
u37680155,human
u253911923,human
u30299410,human
u807787968912130053,human
u167135115,human
u472069890,human
u18602271,human
u1356361249454514181,human
u1185976327360438272,human
u1079662283062571008,human
u78942805,human
u913365890061791233,human
u905312494788345856,human
u43186982,human
u237338676,human
u3186309049,human
u704590807416832000,human
u64047409,human
u262232025,human
u790296208929529856,human
u799532698733838336,human
u1483366977892945925,human
u216778907,human
u819270980,human
u238106354,human
u190950764,human
u927564702506455040,human
u182477959,human
u36477202,human
u826810516320432128,human
u422144215,human
u781943536660811776,human
u2730594234,human
u52454436,human
u537399711,human
u90405097,human
u376478408,human
u36193570,human
u3107695222,human
u17097703,human
u4484201723,human
u161032507,human
u2249523421,human
u11179192,human
u985482537639301120,human
u1479404485940285442,human
u783137245461041152,human
u791132083251019780,human
u18812227,human
u42640432,human
u546816195,human
u2923656737,human
u42908229,human
u22914525,human
u73459424,human
u921113086010036224,human
u1471410627147034628,human
u285071119,human
u235951127,human
u1346894735567429636,human
u2375369748,human
u14833257,human
u75332603,human
u954109216708538368,human
u1221474535,human
u15577483,human
u1476002187083862017,human
u887696626692882432,human
u802403125,human
u2126,human
u39255883,human
u32317533,human
u500196629,human
u108204138,human
u1116439213975789568,human
u723436936723996672,human
u713135012,human
u994923758262435840,human
u14916494,human
u42062276,human
u1433675672346521600,human
u187412547,human
u148090092,human
u3131617010,human
u1329404111733878784,human
u2163208170,human
u1073198398008889344,human
u1279949381253431296,human
u1471053920,human
u29963394,human
u1040294309151563776,human
u196004784,human
u30258745,human
u15077052,human
u1335372881312817154,human
u3303496016,human
u835582024417165312,human
u1147707625682944001,human
u101002059,human
u961999644715880450,human
u3893089157,human
u1425148254216462339,human
u3302939757,human
u42656775,human
u1295782085907689477,human
u74280344,human
u584828897,human
u821287976739041281,human
u1102313833,human
u148936936,human
u1407998543412011010,human
u1344890972799258624,human
u3900082893,human
u16876371,human
u3025049861,human
u1072453321569521665,human
u1002132649,human
u1485280451564556289,human
u75633116,human
u1485683851963809794,human
u977120954802475008,human
u561335709,human
u1455935568634843142,human
u796745155,human
u791895166478983168,human
u18310311,human
u986382019,human
u1426193582831116290,human
u586580933,human
u185774847,human
u50065957,human
u21836590,human
u273507934,human
u1262720796511940609,human
u79783264,human
u20371543,human
u1551027326,human
u258871053,human
u1278298081847472128,human
u1043530327266918400,human
u1414548828808617989,human
u1293158314403082240,human
u401027228,human
u57947582,human
u1130588521218101248,human
u334032462,human
u153439869,human
u433303871,human
u1478522891272691723,human
u17489476,human
u363162881,human
u862493306382626818,human
u583637312,human
u11819542,human
u120270383,human
u577792575,human
u165101694,human
u311976567,human
u3585066856,human
u356016672,human
u1482033915489660936,human
u727556240147140608,human
u10390732,human
u25609770,human
u250736679,human
u36765605,human
u1183686824,human
u3910925474,human
u209710589,human
u3288129510,human
u1497976243836366851,human
u1272590818981941250,human
u56490308,human
u114879400,human
u1346256368844623873,human
u57273078,human
u1106916512194019328,human
u326171808,human
u278865750,human
u272486924,human
u2752615895,human
u899765076697198592,human
u55673398,human
u1131541036092645377,human
u47677638,human
u1483487459874951169,human
u997428397,human
u860475002,human
u710155729936785408,human
u1471424946148556800,human
u426152264,human
u1477799912,human
u146858645,human
u16459415,human
u1013912863,human
u1084431,human
u1264278891125977095,human
u1240089451059019776,human
u2655290130,human
u943680748753530880,human
u87990563,human
u14191265,human
u3622971734,human
u826182974404112384,human
u2441834452,human
u1252870812639522822,human
u1438128937171931142,human
u196141764,human
u1451932802069319681,human
u3069796608,human
u54985945,human
u1272884588164104193,human
u257585140,human
u848298049,human
u3020140174,human
u444518434,human
u1423687284512149507,human
u404457760,human
u3195038680,human
u1404716412451442689,human
u1679803315,human
u5820642,human
u14263997,human
u971495077225943043,human
u763447463122444288,human
u798553368,human
u25298998,human
u186312973,human
u2767293543,human
u16579578,human
u999833160597757952,human
u124086014,human
u1429010925420388352,human
u1406038487770357760,human
u17376893,human
u1404810861403947015,human
u3915822612,human
u754613281,human
u1175932646,human
u2876584481,human
u957187663,human
u1163567812373356544,human
u135187246,human
u137247768,human
u1488002691930664960,human
u911270381381701632,human
u1374056498985308163,human
u15277886,human
u1440527929,human
u1270475639431274501,human
u365575447,human
u938448937446391809,human
u3502332796,human
u20013378,human
u1386896872715866115,human
u30584107,human
u2189436696,human
u339054615,human
u2211824870,human
u1192847229381414913,human
u222638700,human
u47095594,human
u54976483,human
u308422682,human
u234175487,human
u918847333797912577,human
u137674798,human
u1213920845099237376,human
u3948296723,human
u3697768815,human
u103803538,human
u2865666717,human
u293934083,human
u1735118706,human
u86552783,human
u1467253761961644035,human
u94779279,human
u369560133,human
u1424419533964685313,human
u144278440,human
u1484371344045514758,human
u1206679132622458881,human
u38710385,human
u4306902508,human
u973219202436861953,human
u35817730,human
u2474755303,human
u1274073579454443535,human
u17615701,human
u769714438991597569,human
u93990870,human
u56318917,human
u1086252662050320385,human
u1694782680,human
u829615371162361858,human
u172493605,human
u938774284196921346,human
u2236032098,human
u739057098,human
u1395272427773571074,human
u310061530,human
u302740717,human
u360185459,human
u1246206614,human
u2219984809,human
u4882542093,human
u31668834,human
u284168546,human
u3097897497,human
u3192033137,human
u1328504322703847424,human
u1168843099,human
u3118389294,human
u444278572,human
u20133919,human
u146481452,human
u1451419509261279233,human
u1313089523392360449,human
u1290455576800002049,human
u256315061,human
u15776455,human
u1197860197714153473,human
u1219746008483020800,human
u47728577,human
u1136255249826476033,human
u123276343,human
u873937597,human
u1215408021213536256,human
u1265067408454062080,human
u376772001,human
u4637920752,human
u1241035399012569088,human
u1453682390132461570,human
u343537646,human
u2731064864,human
u2288631078,human
u383441290,human
u1469924493300744195,human
u812070937050935296,human
u1174060809023979520,human
u242700797,human
u1067076519481225216,human
u188899395,human
u1234464042086993920,human
u1173654555285950466,human
u131178871,human
u1758881,human
u1220823051970981888,human
u967420856036192257,human
u42590805,human
u3020344067,human
u1225739681461080064,human
u218677101,human
u496375356,human
u9973392,human
u1237322586809348097,human
u3039535721,human
u134439659,human
u961354096442736640,human
u25635035,human
u19628550,human
u1484013495146487808,human
u807259130016755716,human
u863335696051908608,human
u1245755407265599494,human
u1481635024969486337,human
u1176486236028096512,human
u14524078,human
u1580535385,human
u486973535,human
u126218172,human
u253120833,human
u1130906263796166656,human
u282142239,human
u1479804278600568836,human
u1157573736838680578,human
u254240108,human
u15944987,human
u1029006987202387968,human
u15109378,human
u3396246972,human
u891751545594707968,human
u2539962439,human
u2693434064,human
u4025090957,human
u1042691951512961024,human
u932022431736320005,human
u943516142026420225,human
u885355371291852800,human
u955982645179174912,human
u19499232,human
u710571309504274432,human
u49301206,human
u891737628,human
u262233201,human
u1202496891436457984,human
u1254786747503742983,human
u1093444534044889088,human
u1422673945942282247,human
u108962139,human
u20897390,human
u22811021,human
u15469849,human
u23698066,human
u754942224,human
u1171635302940545024,human
u2433971634,human
u342998891,human
u233012148,human
u1198062853049049090,human
u793028528,human
u1105497146852327424,human
u14884161,human
u1409357000,human
u847923787,human
u1883504659,human
u46130766,human
u543419363,human
u1374651121,human
u762265548,human
u351167260,human
u1141568220488298496,human
u12655722,human
u24115180,human
u1178731507046850560,human
u900748289968099328,human
u744767651247955968,human
u415571726,human
u1203430831332757505,human
u3929773355,human
u845761283198664704,human
u1140740939155214337,human
u1546878818,human
u32842421,human
u148509145,human
u1346602623273615360,human
u4785919003,human
u1103243275719315456,human
u908488155497746437,human
u335552630,human
u2936884343,human
u854363965719285762,human
u806689,human
u161639510,human
u275482496,human
u3156577578,human
u135496520,human
u1036576294287241217,human
u1089610874183139331,human
u909141017114365957,human
u827498481354960897,human
u4910530625,human
u138268491,human
u37019769,human
u632072700,human
u21931176,human
u1363224601501847559,human
u70971449,human
u4842701218,human
u1421102212617363463,human
u1340819452665896960,human
u2377677818,human
u1139113136,human
u1270609465595662337,human
u1110153836,human
u3220084519,human
u1102331491135180800,human
u1226194020944273408,human
u3893344223,human
u1950892249,human
u191511134,human
u2250067332,human
u1472846297015148544,human
u116459535,human
u45843783,human
u1322433534431272960,human
u300830606,human
u17139672,human
u1189546119644307457,human
u1208792072888684544,human
u1471488685132578819,human
u3394569837,human
u212291296,human
u519800095,human
u47648921,human
u1483579500898230274,human
u1098997265354625024,human
u1015622842057097216,human
u4059708304,human
u16446177,human
u989614512,human
u1374640993,human
u848574265347592192,human
u39741568,human
u22753831,human
u285775347,human
u1340350233083932677,human
u827711390,human
u323929567,human
u22260999,human
u2474477038,human
u3874633539,human
u181041474,human
u372989316,human
u1329070842693738496,human
u1257473464216293376,human
u253096517,human
u82085208,human
u1323514338,human
u1192629005326794752,human
u385573444,human
u13972562,human
u716510182,human
u994265735932383233,human
u34851382,human
u1484012467017682950,human
u18552227,human
u793523423775424512,human
u3952661537,human
u915590360189095937,human
u114718372,human
u49457868,human
u243247457,human
u1406839553021808641,human
u313525664,human
u75747557,human
u3438187119,human
u1313354509968642048,human
u1285202527097704449,human
u426706611,human
u3439276341,human
u959550824,human
u847198791031762944,human
u193899332,human
u1199125872256724994,human
u132310937,human
u947116667624214533,human
u20301243,human
u2178104305,human
u2865274791,human
u711923017375473664,human
u86503842,human
u9884552,human
u1357000690913210373,human
u805743658221928448,human
u137482885,human
u1278761820526989312,human
u47019569,human
u222525341,human
u1443945911370006569,human
u983038821867679745,human
u811263656453255168,human
u2557309057,human
u493062502,human
u370278086,human
u101039499,human
u990995937924403201,human
u348655065,human
u88315048,human
u186952948,human
u952618432482238466,human
u698127258804842496,human
u2706754744,human
u1254997344610775040,human
u825886499086413824,human
u164843887,human
u3043410670,human
u62659584,human
u908076813112496129,human
u1337826628001538050,human
u1482642636712431616,human
u2995668950,human
u797452062627950592,human
u1344822136498696193,human
u907248349,human
u192694655,human
u1394163847959830533,human
u890512519,human
u26779967,human
u113740810,human
u359832333,human
u44630425,human
u1138638180494843905,human
u2480110932,human
u329046762,human
u1467551624931561478,human
u1409326011758563332,human
u2721515522,human
u20979573,human
u1421934403341664263,human
u19182316,human
u37973346,human
u1684112772,human
u383717914,human
u2362988556,human
u8105842,human
u155588625,human
u193176501,human
u369299073,human
u32892455,human
u20695284,human
u1186000476929773573,human
u1139218584368848896,human
u1454259435979751431,human
u1326774854,human
u1340907334189658112,human
u3032074628,human
u23785979,human
u2557408892,human
u408207497,human
u281167983,human
u1283535652319944704,human
u1334201716242223105,human
u4633094778,human
u2232398257,human
u44122208,human
u1267826296467251201,human
u94972787,human
u1004358795525541888,human
u3221150585,human
u1140028708318617600,human
u24987131,human
u1319017434083446793,human
u1269590849291194368,human
u781547783916490752,human
u827546290221367297,human
u72334903,human
u1118360541360214016,human
u1493926429729251329,human
u17562763,human
u1360461429313134593,human
u4274753234,human
u15229665,human
u34304595,human
u1567782607,human
u4702672622,human
u1280758123284725760,human
u254140209,human
u125257410,human
u1165123935995912192,human
u1186707846315905024,human
u66483027,human
u980503237106257925,human
u762930171288621056,human
u285613258,human
u118997661,human
u477037074,human
u883308003658784773,human
u887957325398585344,human
u134979706,human
u23248795,human
u30752398,human
u180070398,human
u1383934997380222982,human
u150566521,human
u1066032735842590721,human
u161011281,human
u1378685580,human
u14639512,human
u762663043,human
u1337076367356149760,human
u1121343339322724352,human
u27459837,human
u147737857,human
u1171151532059955200,human
u1453799273108230145,human
u95059819,human
u1258014527771349000,human
u3437532637,human
u1474141939540770826,human
u578641107,human
u1048657343855173632,human
u43896760,human
u294126426,human
u1511340720,human
u1389888697483595777,human
u264201098,human
u735438780010799104,human
u1299617260575821825,human
u1227269677,human
u1770331,human
u3252945852,human
u5744062,human
u1262854158,human
u17731836,human
u737008087043825664,human
u117686766,human
u15747391,human
u727221946773970944,human
u1069362522300530690,human
u156584755,human
u805287203123249152,human
u17710931,human
u10458822,human
u1193672966883729408,human
u1301093068108513281,human
u1289877996011048961,human
u109348716,human
u1265735049674031104,human
u835402310624952321,human
u25325260,human
u765825060,human
u222592054,human
u3062011477,human
u216337042,human
u1419455904,human
u1077385997611085824,human
u1635591025,human
u1241442514072219648,human
u1788161196,human
u707409786980012032,human
u3309650154,human
u297066172,human
u72160082,human
u4424255961,human
u1336057072845144065,human
u1969668534,human
u1308129015744606210,human
u1433653881209163777,human
u2927379666,human
u788192592,human
u273195660,human
u3131100214,human
u1253743625948798983,human
u281205080,human
u1444603320,human
u1449213242794864646,human
u12771872,human
u3909450376,human
u27712354,human
u1273381027390656512,human
u383146933,human
u87318742,human
u55236606,human
u1484478689970728962,human
u1117935399555543040,human
u1565599508,human
u346259248,human
u3023719143,human
u2440260296,human
u1012018961314205696,human
u864075591787696132,human
u1458858486398427142,human
u1051112755317628929,human
u207285471,human
u187531883,human
u23329786,human
u28295229,human
u141961445,human
u2746362446,human
u71658172,human
u1274069242535698433,human
u791340999553454080,human
u589699993,human
u860877733420834819,human
u620408446,human
u865144879,human
u2361835368,human
u20156668,human
u28838219,human
u190666225,human
u351744755,human
u3956716161,human
u18805644,human
u18060136,human
u1364528371342966786,human
u778683410562682880,human
u853169204,human
u1483905159013048320,human
u1004635920945934336,human
u18177302,human
u23536128,human
u1250368813264015361,human
u19617433,human
u108103504,human
u872209853661552640,human
u370319076,human
u1154305752632217600,human
u1037747347617394689,human
u1322629477931851776,human
u19371346,human
u1256512755508617217,human
u380553778,human
u45212866,human
u1082873133986508800,human
u1099439491142639617,human
u17837036,human
u1167163672956952578,human
u49072100,human
u729345496851058688,human
u21346896,human
u33167920,human
u28457505,human
u435659249,human
u1353771801344667650,human
u2375875596,human
